<?xml version="1.0" encoding="UTF-8" standalone="yes"?>
<addon id="plugin.program.alphaomegawiz" name="Alpha Omega Wizard" version="1.0.0" provider-name="Lassar">
  <requires>
    <import addon="xbmc.python" version="2.1.0"/>
  </requires>
  <extension point="xbmc.python.pluginsource" library="default.py">
        <provides>program executable</provides>
  </extension>
  <extension point="xbmc.addon.metadata">
		<summary lang="en">Alpha Omega Wizard</summary>
		<description lang="en">Easy Install of Alpha Omega Wizard Build and Addons</description>
		<disclaimer lang="en"></disclaimer>
		<platform>all</platform>
		<facebook></facebook>
		<website></website>
	</extension>
</addon>
